{
    "parent": "block/cube",
    "textures": {
        "particle": "galacticraftcore:blocks/advanced/machine",
        "down": "galacticraftcore:blocks/advanced/machine_input",
        "up": "galacticraftcore:blocks/advanced/machine",
        "north": "galacticraftplanets:blocks/electrolyzer",
        "east": "galacticraftplanets:blocks/machine_water_input_warning",
        "south": "galacticraftplanets:blocks/machine_oxygen_output_warning",
        "west": "galacticraftplanets:blocks/machine_hydrogen_output_warning"
    }
}