{
    "parent": "block/cube",
    "textures": {
        "particle": "galacticraftcore:blocks/advanced/machine",
        "down": "galacticraftcore:blocks/advanced/machine_input",
        "up": "galacticraftcore:blocks/advanced/machine",
        "north": "galacticraftplanets:blocks/methane_synthesizer",
        "east": "galacticraftplanets:blocks/machine_hydrogen_input_warning",
        "south": "galacticraftplanets:blocks/machine_side_warning",
        "west": "galacticraftplanets:blocks/machine_methane_output_warning"
    }
}